{"cameraMode":{"drawMode":0,"name":"Shaded","section":"Shading Mode"},"sceneLighting":true,"audioPlay":false,"sceneViewState":{"m_AlwaysRefresh":false,"showFog":true,"showSkybox":true,"showFlares":true,"showImageEffects":true,"showParticleSystems":true,"showVisualEffectGraphs":true,"m_FxEnabled":true},"in2DMode":false,"pivot":{"x":-0.9967313408851624,"y":7.144858360290527,"z":12.83635139465332},"rotation":{"x":0.06270059198141098,"y":0.09029828757047653,"z":-0.005694645456969738,"w":0.9939277768135071},"size":10.01016902923584,"orthographic":true}